device,engine,prompt,capacity,threads,ttft_ms,ttft_min_ms,ttft_max_ms,prefix_ms,prefill_tok_s,prompt_over_ttft_tok_s,decode_ms,decode_tok_s,setup_ms,peak_rss_mib
host,ynn,1024,2048,4,1714.0349370000001,1708.1288200000001,1714.258286,1685.510438,606.9378017106056,597.4207280700252,28.503147989583333,35.083844085062346,12430.439929,1728.7421875
host,ynn,128,2048,4,206.777357,206.68137900000002,207.234324,180.747182,702.6388937007051,619.0232908335316,25.507946427083333,39.20346950933845,12430.439929,1728.7421875
host,ynn,17,2048,4,48.237601999999995,48.002778,49.208934,23.365892,684.7587928592669,352.42216227912826,24.600603302083332,40.64940959863833,12430.439929,1728.7421875
host,litert_static,1024,2048,4,1008.266136,1007.415656,1008.3537120000001,982.089637,1041.656445052174,1015.604872005738,25.931898135416667,38.56254543257839,185.028725,971.9609375
host,litert_static,128,2048,4,133.910418,133.866848,134.261425,109.51381,1159.6710953623108,955.862896343136,24.106264958333334,41.48299214865754,185.028725,939.54296875
host,litert_static,17,2048,4,44.836763000000005,44.557004000000006,45.54909000000001,20.958161,763.4257604949213,379.1531516224755,23.867519177083334,41.897944758337566,185.028725,926.359375
host,litert_packed,1024,2048,4,861.3067729999999,861.283511,862.152972,835.366412,1224.6123201802852,1188.8911501686289,25.841311625,38.697726125966334,179.204907,1217.9140625
host,litert_packed,128,2048,4,115.610105,115.29579700000001,115.741736,91.157773,1393.1889275092317,1107.1696544173192,23.997968802083335,41.67019335041335,179.204907,1195.1953125
host,litert_packed,17,2048,4,42.434264,42.367692000000005,42.690747,18.466096,866.4527683599175,400.6196501958889,23.585882291666667,42.39824432403441,179.204907,1170.6328125
host,litert_packed,1024,8448,4,875.791812,875.692654,876.426527,849.63926,1204.04040651323,1169.2276474491634,25.915912947916667,38.586331186159825,190.28509,1273.796875
host,litert_packed,128,8448,4,115.503644,115.437937,116.010069,91.205315,1392.462708998922,1108.1901450658995,23.910034447916665,41.82344455330269,190.28509,1251.7421875
host,litert_packed,17,8448,4,42.554390999999995,42.517217,42.606835000000004,18.382463,870.3947887723206,399.4887390116804,23.69522690625,42.20259227550312,190.28509,1227.1796875
host,ynn,1024,8448,4,1722.6799110000002,1721.9712749999999,1723.5325770000002,1693.484621,604.0798878917011,594.4226744976536,28.0703030625,35.62483802805576,12454.1451,1785.1875
host,ynn,128,8448,4,207.131348,206.994439,220.96851700000002,180.931091,701.9246902125848,617.9653694910536,25.511348385416667,39.19824169590507,12454.1451,1785.1875
host,ynn,17,8448,4,47.987784000000005,47.853316,48.074195,23.151734,691.0929436214151,354.2568250286364,24.64325025,40.57906282066019,12454.1451,1785.1875
host,litert_static,1024,8448,4,1021.01094,1016.447755,1022.2936530000001,995.208073,1027.9257451320937,1002.927549434485,25.884963791666667,38.632466633850854,199.299557,1028.171875
host,litert_static,128,8448,4,132.68706500000002,132.483917,133.965458,108.567683,1169.7771978794094,964.675795639914,23.9678760625,41.72251214051437,199.299557,995.98828125
host,litert_static,17,8448,4,44.965927,44.59332,45.289545000000004,20.904802,765.3743862295371,378.0640394670391,23.680322020833334,42.22915546166247,199.299557,982.86328125
host,litert_packed,1024,2048,1,2990.640923,2986.808086,2990.74733,2948.599857,346.9443293810754,342.40152073248413,41.860222302083336,23.889027458658077,177.550571,1218.0234375
host,litert_packed,128,2048,1,357.65135200000003,357.346636,362.562932,320.001547,396.87308136669725,357.8904407440909,37.35208413541667,26.77226781709392,177.550571,1195.46484375
host,litert_packed,17,2048,1,86.320672,86.17656099999999,86.782666,49.59521,322.61180061542234,196.94007942848268,36.36731452083333,27.49721867494894,177.550571,1170.90234375
host,ynn,1024,2048,1,5533.256129,5470.7416809999995,5562.359788000001,5483.893471,186.54629332423076,185.06282306961683,48.0172473125,20.82585020944499,11498.503769,1728.5234375
host,ynn,128,2048,1,654.300253,653.671781,655.7613670000001,611.663525,207.63049423291994,195.62884075485755,42.37895827083333,23.59661588680991,11498.503769,1728.5234375
host,ynn,17,2048,1,116.66422299999999,116.484452,117.982474,75.562212,211.74605105525498,145.71733786801119,41.14343835416667,24.305212203994813,11498.503769,1728.5234375
host,litert_static,1024,2048,1,3619.529081,3618.343996,3621.9901130000003,3576.249628,286.05385708830056,282.90973137231714,43.29102040625,23.09947861278937,208.524834,972.74609375
host,litert_static,128,2048,1,431.407334,430.577284,432.477313,392.935147,323.2085522754217,296.7033471897351,38.27424094791667,26.12723270882872,208.524834,939.8125
host,litert_static,17,2048,1,97.74610899999999,97.33117,97.918426,60.297888,265.34926065735505,173.91996647150427,37.33286617708333,26.786049462600516,208.524834,926.875
tecno,litert_static,1024,2048,4,3289.283923,3279.392539,3297.172923,3245.940308,315.16291210861044,311.3139588953629,41.621044895833336,24.026306944064963,746.930077,1021.80859375
tecno,litert_static,128,2048,4,353.78407599999997,353.55899900000003,378.273231,318.30923,398.98308949445163,361.80260413982006,35.55401521875,28.126218483268055,746.930077,998.6640625
tecno,litert_static,17,2048,4,82.99146099999999,79.46522999999999,87.167462,48.638538,328.9572560754191,204.84035098502486,34.593516010416664,28.907151262071306,746.930077,973.25390625
tecno,ynn,1024,2048,4,4281.278077999999,4262.040385,4288.481769,4226.867001,242.0232289679275,239.18091311610434,52.513925489583336,19.042568055560043,49015.848849,1724.99609375
tecno,ynn,128,2048,4,458.523077,455.24123099999997,461.13969299999997,416.353847,305.0290057725827,279.1571600659044,43.44408411458333,23.018093726236927,49015.848849,1724.99609375
tecno,ynn,17,2048,4,76.841538,76.261538,82.888616,39.129307,408.9006738606437,221.23450990790946,37.977065635416665,26.331681589096227,49015.848849,1724.99609375
tecno,litert_packed,1024,2048,4,2285.854384,2277.946538,2287.6419229999997,2244.331692,455.81497763744983,447.97254241895746,41.581988833333334,24.04887375657152,758.417846,1267.94921875
tecno,litert_packed,128,2048,4,232.905615,231.642617,236.551616,196.282769,647.025720326984,549.5788497842784,36.69079805208333,27.254790113327047,758.417846,1232.0625
tecno,litert_packed,17,2048,4,60.143615,59.651384,60.256845999999996,25.04,638.9776357827476,282.65677079769813,35.58723723958333,28.099961603305072,758.417846,1219.26953125
tecno,native,17,2048,4,63.223307,62.98677,67.644615,,,268.88818074638203,34.54595911458333,28.94694562345664,3103.447769,2086.64453125
tecno,native,128,2048,4,237.885923,236.308077,239.412,,,538.0730325938622,34.5124374375,28.97506157920435,2601.231001,2145.10546875
tecno,native,1024,2048,4,2321.271769,2312.61477,2331.493538,,,441.1374892312319,38.856791604166666,25.735526756480034,2585.584001,2168.38671875
tecno,litert_packed,1024,8448,4,2226.886692,2223.389846,2245.5286149999997,2185.201846,468.1489729988083,459.83480150951476,43.59065697916667,22.940695766020024,543.548846,1325.63671875
tecno,litert_packed,128,8448,4,230.292462,229.750462,231.64207699999997,193.997,654.6492987004954,555.8149793022752,37.142165052083335,26.923578595855417,543.548846,1294.2578125
tecno,litert_packed,17,8448,4,59.096306999999996,59.060616,64.03777,24.371769,656.4972776493984,287.6660296217833,35.92083175,27.838999023178243,543.548846,1281.80859375
tecno,ynn,1024,8448,4,4486.353999999999,4408.046154,4493.522231,4434.353923,230.69877095148593,228.24770403762167,53.349249156249996,18.74440626279831,49009.371003,1781.265625
tecno,ynn,128,8448,4,464.793539,461.31738399999995,466.59961500000003,425.408,298.53693395516774,275.39109144113985,42.027473604166666,23.79395938519746,49009.371003,1781.265625
tecno,ynn,17,8448,4,75.316923,74.10222999999999,78.393538,38.682385,413.6249613357605,225.7128852701537,37.54041915625,26.637955102147885,49009.371003,1781.265625
tecno,litert_static,1024,8448,4,3321.606769,3314.509385,3341.5194610000003,3280.544846,311.8384439241408,308.28453553166514,42.70153527083333,23.418361744080794,549.615693,1078.9296875
tecno,litert_static,128,8448,4,355.13692399999996,351.13546099999996,364.662461,319.429539,397.58376885739426,360.42436409681807,36.820516041666664,27.158771997339326,549.615693,1060.20703125
tecno,litert_static,17,8448,4,80.865846,80.194616,88.299384,46.026769,347.62379258035685,210.2247220662231,35.10694865625,28.484389509082916,549.615693,1035.70703125
tecno,native,17,8448,4,74.596693,74.562154,75.857923,,,227.8921399370881,33.489110583333336,29.860452624193435,2574.972846,2142.625
tecno,native,128,8448,4,253.162462,249.195154,265.520307,,,505.6041839251824,34.687342125,28.828960039555064,2592.917461,2201.625
tecno,native,1024,8448,4,2346.307693,2332.392616,2368.868077,,,436.4303978779138,40.27213380208333,24.831065692085794,2589.08,2224.05078125
pixel,litert_static,1024,2048,4,3384.325197,3267.890708,5153.354740000001,3338.795005,306.3979664723381,302.5713961848921,54.58447865625,18.320226273435306,904.371745,1015.48828125
pixel,litert_static,128,2048,4,522.059694,505.08646699999997,597.379598,478.405844,265.4649845790763,245.18268977876693,49.46041451041667,20.218188826326838,904.371745,997.51953125
pixel,litert_static,17,2048,4,108.393271,103.16211000000001,112.405192,68.949016,232.05552346098747,156.83630398053032,43.63228952083333,22.9188064844162,904.371745,972.49609375
pixel,ynn,1024,2048,4,5345.031863,5326.432579,5355.2249790000005,5271.612307,194.05827675179984,191.57977468543297,64.55344058333334,15.49104108105717,33957.403459,1723.765625
pixel,ynn,128,2048,4,492.826945,480.49642,511.062906,444.912883,285.4491403882319,259.72605860663725,51.167336375,19.543718138288572,33957.403459,1723.765625
pixel,ynn,17,2048,4,90.884603,87.910928,91.145792,45.729411,349.88423533379864,187.05038520111046,45.35798608333333,22.046834225901563,33957.403459,1723.765625
pixel,litert_packed,1024,2048,4,2551.834229,2538.231731,2563.230267,2502.334799,408.8181966732901,401.2799845549842,53.378844875,18.73401349058324,1080.773154,1262.1015625
pixel,litert_packed,128,2048,4,322.865275,315.21191400000004,354.190714,278.19987,456.50632403243037,396.4501911826845,48.75998351041667,20.50862055329384,1080.773154,1232.58203125
pixel,litert_packed,17,2048,4,84.46329800000001,79.723022,91.005167,41.388713,386.5788240383314,201.27085257788534,49.63118158333334,20.148623669596663,1080.773154,1220.18359375
pixel,native,17,2048,4,88.272054,85.10909,99.866781,,,192.5864328477051,44.87314440625,22.285044055453323,4051.255454,2081.0703125
pixel,native,128,2048,4,377.875854,375.61202,405.41036,,,338.7355890699489,45.339954354166665,22.05560226613024,2700.67208,2139.01953125
pixel,native,1024,2048,4,3591.839357,3497.711875,3989.514325,,,285.09070095363955,47.76834707291667,20.934364726364425,2090.255983,2160.7890625
pixel,litert_packed,1024,8448,4,2550.4481210000004,2466.6039640000004,2572.1933599999998,2504.624106,408.4445236909334,401.49807069923924,51.611337052083336,19.375587944773738,896.494548,1316.34375
pixel,litert_packed,128,8448,4,364.909098,312.477254,371.164185,319.664877,397.2910667943041,350.77229014443486,51.0143488125,19.60232803667526,896.494548,1287.8515625
pixel,litert_packed,17,8448,4,85.769736,85.688029,85.897257,40.12854,398.7187174016299,198.20511048325952,49.02520960416667,20.397669037502894,896.494548,1275.36328125
pixel,ynn,1024,8448,4,5359.412723,5253.144534,5485.874677,5284.299197,193.59236899015428,191.065710540539,64.35273321875,15.539355517360326,35008.919166,1780.99609375
pixel,ynn,128,8448,4,494.10819599999996,485.438476,542.098999,446.530152,284.4152840097571,259.05257398320913,51.31929516666666,19.4858482906353,35008.919166,1780.99609375
pixel,ynn,17,8448,4,92.92814200000001,90.831828,93.531982,48.629761,329.0166283153232,182.93704828403864,44.837231208333336,22.302893667844113,35008.919166,1780.99609375
pixel,litert_static,1024,8448,4,3345.78585,3328.975181,3390.943443,3297.391766,310.24520972859125,306.0566473493813,55.039809354166664,18.168667583226235,820.621054,1072.22265625
pixel,litert_static,128,8448,4,428.073487,410.136596,461.92110199999996,386.419841,328.65807219251974,299.01408026234526,47.92347925,20.866598495141606,820.621054,1054.55078125
pixel,litert_static,17,8448,4,137.479533,107.18689,138.45833399999998,94.006185,170.20156705646548,123.65476976125602,50.84949702083333,19.665877906133353,820.621054,1029.7578125
pixel,native,17,8448,4,115.083618,108.111735,132.707601,,,147.71867877841657,47.995089739583335,20.835464740787074,2255.083049,2136.8125
pixel,native,128,8448,4,397.34961,360.603353,422.357259,,,322.13445484443787,44.994226302083334,22.225073796939537,2477.586468,2192.84375
pixel,native,1024,8448,4,3703.452353,3700.320965,3751.093914,,,276.49876450293834,49.263524760416665,20.29899413132334,2071.696575,2216.84765625
