device,version,bits,m,n,k,mode,kernel,trials,working_set_bytes,mean_ns,median_ns,min_ns,max_ns,predicted_ns,arithmetic
pixel,new,2,1,256,1536,cached,dot_int8_int2_int32_1x32x16_1x4x16_neondot,7,98304,6949.081428571429,7055.72,6518.14,7130.24,30077.6,exact_int32
pixel,new,2,1,256,1536,streaming,dot_int8_int2_int32_1x32x16_1x4x16_neondot,7,33619968,12271.67142857143,12531.9,10486.6,12977.6,30077.6,exact_int32
pixel,new,2,1,256,2048,cached,dot_int8_int2_int32_1x32x16_1x4x16_neondot,7,131072,8939.448571428571,8968.04,8718.03,9167.06,40059,exact_int32
pixel,new,2,1,256,2048,streaming,dot_int8_int2_int32_1x32x16_1x4x16_neondot,7,33554432,15278.242857142857,14924.3,13142.6,19063.7,40059,exact_int32
pixel,new,2,1,256,4096,cached,dot_int8_int2_int32_1x32x16_1x4x16_neondot,7,262144,18555.82857142857,18679.7,17813.5,18890.3,79984.8,exact_int32
pixel,new,2,1,256,4096,streaming,dot_int8_int2_int32_1x32x16_1x4x16_neondot,7,33554432,29464.242857142857,29453.7,26755.2,32448.6,79984.8,exact_int32
pixel,new,2,1,256,6144,cached,dot_int8_int2_int32_1x32x16_1x4x16_neondot,7,393216,28563.957142857143,28854.1,26576.7,29144.8,119911,exact_int32
pixel,new,2,1,256,6144,streaming,dot_int8_int2_int32_1x32x16_1x4x16_neondot,7,33816576,40227.57142857143,39642,38420.5,43832.1,119911,exact_int32
pixel,new,2,1,256,12288,cached,dot_int8_int2_int32_1x32x16_1x4x16_neondot,7,786432,59838.5,60061.5,58017.1,60837,239688,exact_int32
pixel,new,2,1,256,12288,streaming,dot_int8_int2_int32_1x32x16_1x4x16_neondot,7,33816576,88710.38571428572,87201.4,78034.2,101856,239688,exact_int32
pixel,new,2,1,384,256,cached,dot_int8_int2_int32_1x32x16_1x4x16_neondot,7,24576,1969.1057142857144,1771.71,1768.49,3143.15,7795.8,exact_int32
pixel,new,2,1,384,256,streaming,dot_int8_int2_int32_1x32x16_1x4x16_neondot,7,33570816,2332.575714285714,2339.49,2233.14,2419.93,7795.8,exact_int32
pixel,new,4,1,256,1536,cached,dot_int8_int4_int32_1x32x8_1x4x8_neondot,7,196608,10533.385714285714,10536.3,10523.8,10549.1,32606.3,exact_int32
pixel,new,4,1,256,1536,cached,dot_int8_int4_int32_2x32x8_2x4x8_neoni8mm,7,196608,11896.471428571429,11912.1,11833.9,11929.4,35672.9,exact_int32
pixel,new,4,1,256,1536,streaming,dot_int8_int4_int32_1x32x8_1x4x8_neondot,7,33619968,17737.842857142856,18251.6,15797.5,18986.4,32606.3,exact_int32
pixel,new,4,1,256,1536,streaming,dot_int8_int4_int32_2x32x8_2x4x8_neoni8mm,7,33619968,21926.0,20808.4,18532.2,25637.5,35672.9,exact_int32
pixel,new,4,1,256,2048,cached,dot_int8_int4_int32_1x32x8_1x4x8_neondot,7,262144,14012.885714285714,14009.7,13998.9,14043.4,43440.8,exact_int32
pixel,new,4,1,256,2048,cached,dot_int8_int4_int32_2x32x8_2x4x8_neoni8mm,7,262144,15832.528571428571,15838.8,15699.6,15893.7,47484,exact_int32
pixel,new,4,1,256,2048,streaming,dot_int8_int4_int32_1x32x8_1x4x8_neondot,7,33554432,28450.514285714286,28123.3,24614,32784.6,43440.8,exact_int32
pixel,new,4,1,256,2048,streaming,dot_int8_int4_int32_2x32x8_2x4x8_neoni8mm,7,33554432,34559.385714285716,34188.8,29945.5,39178.8,47484,exact_int32
pixel,new,4,1,256,4096,cached,dot_int8_int4_int32_1x32x8_1x4x8_neondot,7,524288,33627.12857142857,33637.9,33561.4,33664.8,86778.5,exact_int32
pixel,new,4,1,256,4096,cached,dot_int8_int4_int32_2x32x8_2x4x8_neoni8mm,7,524288,35316.95714285714,35363.9,35072.4,35466.9,94728.3,exact_int32
pixel,new,4,1,256,4096,streaming,dot_int8_int4_int32_1x32x8_1x4x8_neondot,7,33554432,65896.77142857143,66948.3,59629.6,69863.7,86778.5,exact_int32
pixel,new,4,1,256,4096,streaming,dot_int8_int4_int32_2x32x8_2x4x8_neoni8mm,7,33554432,77104.92857142858,77099.2,72890.4,83510.3,94728.3,exact_int32
pixel,new,4,1,256,6144,cached,dot_int8_int4_int32_1x32x8_1x4x8_neondot,7,786432,51918.885714285716,51816.9,50517.3,53014.1,130116,exact_int32
pixel,new,4,1,256,6144,cached,dot_int8_int4_int32_2x32x8_2x4x8_neoni8mm,7,786432,60742.014285714286,60777,59932.9,61247.4,141973,exact_int32
pixel,new,4,1,256,6144,streaming,dot_int8_int4_int32_1x32x8_1x4x8_neondot,7,33816576,94418.18571428572,90044.1,85043.9,118783,130116,exact_int32
pixel,new,4,1,256,6144,streaming,dot_int8_int4_int32_2x32x8_2x4x8_neoni8mm,7,33816576,128672.57142857143,125859,122707,147218,141973,exact_int32
pixel,new,4,1,256,12288,cached,dot_int8_int4_int32_1x32x8_1x4x8_neondot,7,1572864,114667.57142857143,114344,112726,117429,260129,exact_int32
pixel,new,4,1,256,12288,cached,dot_int8_int4_int32_2x32x8_2x4x8_neoni8mm,7,1572864,137243.85714285713,137994,130739,140034,283705,exact_int32
pixel,new,4,1,256,12288,streaming,dot_int8_int4_int32_1x32x8_1x4x8_neondot,7,34603008,184266.85714285713,178612,167998,209819,260129,exact_int32
pixel,new,4,1,256,12288,streaming,dot_int8_int4_int32_2x32x8_2x4x8_neoni8mm,7,34603008,246173.2857142857,253913,213515,276445,283705,exact_int32
pixel,new,4,1,384,256,cached,dot_int8_int4_int32_1x32x8_1x4x8_neondot,7,49152,2613.2085714285713,2655.1,2385.84,2663.09,8398.68,exact_int32
pixel,new,4,1,384,256,cached,dot_int8_int4_int32_2x32x8_2x4x8_neoni8mm,7,49152,2878.5014285714287,2949.54,2648.4,2954.09,9349.51,exact_int32
pixel,new,4,1,384,256,streaming,dot_int8_int4_int32_1x32x8_1x4x8_neondot,7,33570816,3877.844285714286,3849.99,3802.76,4087.94,8398.68,exact_int32
pixel,new,4,1,384,256,streaming,dot_int8_int4_int32_2x32x8_2x4x8_neoni8mm,7,33570816,4348.587142857143,4362.05,4252.85,4425.86,9349.51,exact_int32
pixel,old,2,1,256,1536,cached,dot_int8_int2_int32_1x32x16_1x4x16_neondot,7,98304,7848.5371428571425,7861.75,7753.86,7922.75,30077.6,exact_int32
pixel,old,2,1,256,1536,cached,dot_int8_int2_int32_2x32x8_2x4x8_neoni8mm,7,98304,16693.67142857143,16695.6,16666,16717.1,34781.4,exact_int32
pixel,old,2,1,256,1536,streaming,dot_int8_int2_int32_1x32x16_1x4x16_neondot,7,33619968,13831.6,14787.2,11046.1,16781,30077.6,exact_int32
pixel,old,2,1,256,1536,streaming,dot_int8_int2_int32_2x32x8_2x4x8_neoni8mm,7,33619968,18830.442857142858,18812.9,18574.2,19186,34781.4,exact_int32
pixel,old,2,1,256,2048,cached,dot_int8_int2_int32_1x32x16_1x4x16_neondot,7,131072,10466.657142857142,10450.8,10379,10536,40059,exact_int32
pixel,old,2,1,256,2048,cached,dot_int8_int2_int32_2x32x8_2x4x8_neoni8mm,7,131072,22222.7,22217.8,22197,22247.7,46301.2,exact_int32
pixel,old,2,1,256,2048,streaming,dot_int8_int2_int32_1x32x16_1x4x16_neondot,7,33554432,17380.642857142855,17250.6,14540.1,20062.5,40059,exact_int32
pixel,old,2,1,256,2048,streaming,dot_int8_int2_int32_2x32x8_2x4x8_neoni8mm,7,33554432,24724.9,24673.8,24431.8,25031.6,46301.2,exact_int32
pixel,old,2,1,256,4096,cached,dot_int8_int2_int32_1x32x16_1x4x16_neondot,7,262144,21068.657142857144,21069.1,20968.7,21157,79984.8,exact_int32
pixel,old,2,1,256,4096,cached,dot_int8_int2_int32_2x32x8_2x4x8_neoni8mm,7,262144,44328.47142857143,44327.1,44278.6,44372.5,92380.7,exact_int32
pixel,old,2,1,256,4096,streaming,dot_int8_int2_int32_1x32x16_1x4x16_neondot,7,33554432,34338.228571428575,34431.5,32226,37359.2,79984.8,exact_int32
pixel,old,2,1,256,4096,streaming,dot_int8_int2_int32_2x32x8_2x4x8_neoni8mm,7,33554432,49627.54285714286,49690.5,48674.3,50007.3,92380.7,exact_int32
pixel,old,2,1,256,6144,cached,dot_int8_int2_int32_1x32x16_1x4x16_neondot,7,393216,31484.17142857143,31571,31120.6,31671.3,119911,exact_int32
pixel,old,2,1,256,6144,cached,dot_int8_int2_int32_2x32x8_2x4x8_neoni8mm,7,393216,66416.7,66413.8,66255.3,66527.2,138460,exact_int32
pixel,old,2,1,256,6144,streaming,dot_int8_int2_int32_1x32x16_1x4x16_neondot,7,33816576,52157.614285714284,51860.9,48253.2,59811.4,119911,exact_int32
pixel,old,2,1,256,6144,streaming,dot_int8_int2_int32_2x32x8_2x4x8_neoni8mm,7,33816576,75073.94285714286,75073.6,73049.2,77013.8,138460,exact_int32
pixel,old,2,1,256,12288,cached,dot_int8_int2_int32_1x32x16_1x4x16_neondot,7,786432,63751.671428571426,63671.2,63574.9,64247.5,239688,exact_int32
pixel,old,2,1,256,12288,cached,dot_int8_int2_int32_2x32x8_2x4x8_neoni8mm,7,786432,140144.42857142858,140168,139906,140250,276699,exact_int32
pixel,old,2,1,256,12288,streaming,dot_int8_int2_int32_1x32x16_1x4x16_neondot,7,33816576,107604.75714285714,110555,99817.3,117993,239688,exact_int32
pixel,old,2,1,256,12288,streaming,dot_int8_int2_int32_2x32x8_2x4x8_neoni8mm,7,33816576,159352.7142857143,160792,153527,162682,276699,exact_int32
pixel,old,2,1,384,256,cached,dot_int8_int2_int32_1x32x16_1x4x16_neondot,7,24576,1997.3385714285714,1947.79,1945.87,2294.54,7795.8,exact_int32
pixel,old,2,1,384,256,cached,dot_int8_int2_int32_2x32x8_2x4x8_neoni8mm,7,24576,4225.344285714285,4223.78,4214.05,4234.32,9100.72,exact_int32
pixel,old,2,1,384,256,streaming,dot_int8_int2_int32_1x32x16_1x4x16_neondot,7,33570816,2725.944285714286,2714.72,2589.52,2924.89,7795.8,exact_int32
pixel,old,2,1,384,256,streaming,dot_int8_int2_int32_2x32x8_2x4x8_neoni8mm,7,33570816,5046.745714285714,5048.53,4924.59,5182.07,9100.72,exact_int32
pixel,old,4,1,256,1536,cached,dot_int8_int4_int32_1x32x8_1x4x8_neondot,7,196608,11257.457142857142,11254.4,11236.8,11279.9,32606.3,exact_int32
pixel,old,4,1,256,1536,cached,dot_int8_int4_int32_2x32x8_2x4x8_neoni8mm,7,196608,12712.1,12730.9,12642.5,12768.9,35672.9,exact_int32
pixel,old,4,1,256,1536,streaming,dot_int8_int4_int32_1x32x8_1x4x8_neondot,7,33619968,20757.085714285713,20877.5,19613.1,21717.1,32606.3,exact_int32
pixel,old,4,1,256,1536,streaming,dot_int8_int4_int32_2x32x8_2x4x8_neoni8mm,7,33619968,23611.7,23508.3,22199.6,24763.6,35672.9,exact_int32
pixel,old,4,1,256,2048,cached,dot_int8_int4_int32_1x32x8_1x4x8_neondot,7,262144,14976.828571428572,14983.3,14950.1,14997.4,43440.8,exact_int32
pixel,old,4,1,256,2048,cached,dot_int8_int4_int32_2x32x8_2x4x8_neoni8mm,7,262144,16942.628571428573,16980.8,16829.5,17000.4,47484,exact_int32
pixel,old,4,1,256,2048,streaming,dot_int8_int4_int32_1x32x8_1x4x8_neondot,7,33554432,26811.014285714286,26949.7,24239.1,28746.8,43440.8,exact_int32
pixel,old,4,1,256,2048,streaming,dot_int8_int4_int32_2x32x8_2x4x8_neoni8mm,7,33554432,33097.74285714286,32123.5,29904.9,39726.9,47484,exact_int32
pixel,old,4,1,256,4096,cached,dot_int8_int4_int32_1x32x8_1x4x8_neondot,7,524288,34128.75714285715,34154.9,34001.2,34188.3,86778.5,exact_int32
pixel,old,4,1,256,4096,cached,dot_int8_int4_int32_2x32x8_2x4x8_neoni8mm,7,524288,40373.7,40388.3,40271.3,40448.6,94728.3,exact_int32
pixel,old,4,1,256,4096,streaming,dot_int8_int4_int32_1x32x8_1x4x8_neondot,7,33554432,66190.88571428572,66619,61332.3,70272.1,86778.5,exact_int32
pixel,old,4,1,256,4096,streaming,dot_int8_int4_int32_2x32x8_2x4x8_neoni8mm,7,33554432,82378.91428571429,81389.9,75477.1,97936,94728.3,exact_int32
pixel,old,4,1,256,6144,cached,dot_int8_int4_int32_1x32x8_1x4x8_neondot,7,786432,55696.81428571429,55819.6,54583,55997.6,130116,exact_int32
pixel,old,4,1,256,6144,cached,dot_int8_int4_int32_2x32x8_2x4x8_neoni8mm,7,786432,64212.385714285716,64283.8,63438,64838.9,141973,exact_int32
pixel,old,4,1,256,6144,streaming,dot_int8_int4_int32_1x32x8_1x4x8_neondot,7,33816576,101087.1,99618,90411.6,120093,130116,exact_int32
pixel,old,4,1,256,6144,streaming,dot_int8_int4_int32_2x32x8_2x4x8_neoni8mm,7,33816576,123599,121875,106932,140625,141973,exact_int32
pixel,old,4,1,256,12288,cached,dot_int8_int4_int32_1x32x8_1x4x8_neondot,7,1572864,111057.42857142857,113640,100401,120625,260129,exact_int32
pixel,old,4,1,256,12288,cached,dot_int8_int4_int32_2x32x8_2x4x8_neoni8mm,7,1572864,136852.42857142858,136766,130821,141133,283705,exact_int32
pixel,old,4,1,256,12288,streaming,dot_int8_int4_int32_1x32x8_1x4x8_neondot,7,34603008,185337.14285714287,179449,168839,208866,260129,exact_int32
pixel,old,4,1,256,12288,streaming,dot_int8_int4_int32_2x32x8_2x4x8_neoni8mm,7,34603008,237121.7142857143,243172,217393,252008,283705,exact_int32
pixel,old,4,1,384,256,cached,dot_int8_int4_int32_1x32x8_1x4x8_neondot,7,49152,2837.1714285714284,2838.53,2830.99,2841.74,8398.68,exact_int32
pixel,old,4,1,384,256,cached,dot_int8_int4_int32_2x32x8_2x4x8_neoni8mm,7,49152,3148.347142857143,3149.67,3144.57,3152.94,9349.51,exact_int32
pixel,old,4,1,384,256,streaming,dot_int8_int4_int32_1x32x8_1x4x8_neondot,7,33570816,4242.1,4247.13,4177.99,4346.38,8398.68,exact_int32
pixel,old,4,1,384,256,streaming,dot_int8_int4_int32_2x32x8_2x4x8_neoni8mm,7,33570816,4802.684285714286,4819.75,4738.97,4859.63,9349.51,exact_int32
samsung,new,2,1,256,1536,cached,dot_int8_int2_int32_1x32x16_1x4x16_neondot,7,98304,3858.077142857143,3856.8,3853.53,3871.1,7457.58,exact_int32
samsung,new,2,1,256,1536,streaming,dot_int8_int2_int32_1x32x16_1x4x16_neondot,7,33619968,6816.831428571429,6783.66,6594.68,7146.99,7457.58,exact_int32
samsung,new,2,1,256,2048,cached,dot_int8_int2_int32_1x32x16_1x4x16_neondot,7,131072,5242.682857142857,5257.97,5182.62,5272.75,9938.6,exact_int32
samsung,new,2,1,256,2048,streaming,dot_int8_int2_int32_1x32x16_1x4x16_neondot,7,33554432,8936.397142857142,8838.36,8784.3,9279.31,9938.6,exact_int32
samsung,new,2,1,256,4096,cached,dot_int8_int2_int32_1x32x16_1x4x16_neondot,7,262144,10607.642857142857,10607.8,10539.5,10648.3,19862.7,exact_int32
samsung,new,2,1,256,4096,streaming,dot_int8_int2_int32_1x32x16_1x4x16_neondot,7,33554432,19497.057142857142,19260.7,19106.6,20441.3,19862.7,exact_int32
samsung,new,2,1,256,6144,cached,dot_int8_int2_int32_1x32x16_1x4x16_neondot,7,393216,15965.9,15981.6,15864.1,15992.5,29786.8,exact_int32
samsung,new,2,1,256,6144,streaming,dot_int8_int2_int32_1x32x16_1x4x16_neondot,7,33816576,33844.21428571428,33823.9,33342.1,34912.1,29786.8,exact_int32
samsung,new,2,1,256,12288,cached,dot_int8_int2_int32_1x32x16_1x4x16_neondot,7,786432,32073.314285714285,32132.3,31748.1,32153.6,59559.1,exact_int32
samsung,new,2,1,256,12288,streaming,dot_int8_int2_int32_1x32x16_1x4x16_neondot,7,33816576,69960.0,69877.5,68492.3,72248.2,59559.1,exact_int32
samsung,new,2,1,384,256,cached,dot_int8_int2_int32_1x32x16_1x4x16_neondot,7,24576,952.0387142857143,945.724,944.915,990.242,1909.42,exact_int32
samsung,new,2,1,384,256,streaming,dot_int8_int2_int32_1x32x16_1x4x16_neondot,7,33570816,1157.3157142857142,1143.08,1138.45,1221.43,1909.42,exact_int32
samsung,new,4,1,256,1536,cached,dot_int8_int4_int32_1x32x8_1x4x8_neondot,7,196608,5781.382857142857,5781.39,5779.5,5782.94,9675.74,exact_int32
samsung,new,4,1,256,1536,cached,dot_int8_int4_int32_2x32x8_2x4x8_neoni8mm,7,196608,7747.644285714286,7748.29,7742.77,7751.49,7540.42,exact_int32
samsung,new,4,1,256,1536,streaming,dot_int8_int4_int32_1x32x8_1x4x8_neondot,7,33619968,15401.628571428571,15439.4,14818.5,15836.7,9675.74,exact_int32
samsung,new,4,1,256,1536,streaming,dot_int8_int4_int32_2x32x8_2x4x8_neoni8mm,7,33619968,15179.8,15460.4,14608.9,15736.5,7540.42,exact_int32
samsung,new,4,1,256,2048,cached,dot_int8_int4_int32_1x32x8_1x4x8_neondot,7,262144,7687.81,7688.65,7680.53,7691.76,12895.5,exact_int32
samsung,new,4,1,256,2048,cached,dot_int8_int4_int32_2x32x8_2x4x8_neoni8mm,7,262144,10310.085714285713,10310.4,10305.8,10314.3,10044.1,exact_int32
samsung,new,4,1,256,2048,streaming,dot_int8_int4_int32_1x32x8_1x4x8_neondot,7,33554432,22722.7,22712.1,21864.9,23277.8,12895.5,exact_int32
samsung,new,4,1,256,2048,streaming,dot_int8_int4_int32_2x32x8_2x4x8_neoni8mm,7,33554432,21259.885714285716,21537.9,20457.6,21903,10044.1,exact_int32
samsung,new,4,1,256,4096,cached,dot_int8_int4_int32_1x32x8_1x4x8_neondot,7,524288,15316.2,15319.7,15303.7,15320.8,25774.6,exact_int32
samsung,new,4,1,256,4096,cached,dot_int8_int4_int32_2x32x8_2x4x8_neoni8mm,7,524288,20556.7,20554.9,20553.3,20562.4,20058.9,exact_int32
samsung,new,4,1,256,4096,streaming,dot_int8_int4_int32_1x32x8_1x4x8_neondot,7,33554432,60459.799999999996,59975.6,59392.1,62025.1,25774.6,exact_int32
samsung,new,4,1,256,4096,streaming,dot_int8_int4_int32_2x32x8_2x4x8_neoni8mm,7,33554432,74055.61428571428,73761.5,72375.4,75990,20058.9,exact_int32
samsung,new,4,1,256,6144,cached,dot_int8_int4_int32_1x32x8_1x4x8_neondot,7,786432,26740.128571428573,26745.2,26717.7,26756.3,38653.7,exact_int32
samsung,new,4,1,256,6144,cached,dot_int8_int4_int32_2x32x8_2x4x8_neoni8mm,7,786432,35896.642857142855,35896.6,35881.8,35906.6,30073.7,exact_int32
samsung,new,4,1,256,6144,streaming,dot_int8_int4_int32_1x32x8_1x4x8_neondot,7,33816576,94285.91428571429,93083.3,92536.3,98350.6,38653.7,exact_int32
samsung,new,4,1,256,6144,streaming,dot_int8_int4_int32_2x32x8_2x4x8_neoni8mm,7,33816576,114786.28571428571,114441,111640,120647,30073.7,exact_int32
samsung,new,4,1,256,12288,cached,dot_int8_int4_int32_1x32x8_1x4x8_neondot,7,1572864,53501.985714285714,53482.1,53407.8,53688.1,77291,exact_int32
samsung,new,4,1,256,12288,cached,dot_int8_int4_int32_2x32x8_2x4x8_neoni8mm,7,1572864,71735.41428571429,71734.8,71686,71786.6,60118,exact_int32
samsung,new,4,1,256,12288,streaming,dot_int8_int4_int32_1x32x8_1x4x8_neondot,7,34603008,190831.2857142857,190903,188231,193686,77291,exact_int32
samsung,new,4,1,256,12288,streaming,dot_int8_int4_int32_2x32x8_2x4x8_neoni8mm,7,34603008,234548.7142857143,234596,230950,237185,60118,exact_int32
samsung,new,4,1,384,256,cached,dot_int8_int4_int32_1x32x8_1x4x8_neondot,7,49152,1396.4257142857143,1458.31,1023.94,1458.93,2474.29,exact_int32
samsung,new,4,1,384,256,cached,dot_int8_int4_int32_2x32x8_2x4x8_neoni8mm,7,49152,1896.44,1967.3,1472.34,1967.46,1949.24,exact_int32
samsung,new,4,1,384,256,streaming,dot_int8_int4_int32_1x32x8_1x4x8_neondot,7,33570816,2190.1757142857145,2239.07,2093.84,2265.32,2474.29,exact_int32
samsung,new,4,1,384,256,streaming,dot_int8_int4_int32_2x32x8_2x4x8_neoni8mm,7,33570816,2943.937142857143,3006.86,2819.63,3037.95,1949.24,exact_int32
samsung,old,2,1,256,1536,cached,dot_int8_int2_int32_1x32x16_1x4x16_neondot,7,98304,3904.15,3904.94,3900.12,3905.62,7457.58,exact_int32
samsung,old,2,1,256,1536,cached,dot_int8_int2_int32_2x32x8_2x4x8_neoni8mm,7,98304,6162.477142857143,6163.36,6159.04,6163.77,6696.4,exact_int32
samsung,old,2,1,256,1536,streaming,dot_int8_int2_int32_1x32x16_1x4x16_neondot,7,33619968,7336.885714285714,7343.61,7116.26,7567.63,7457.58,exact_int32
samsung,old,2,1,256,1536,streaming,dot_int8_int2_int32_2x32x8_2x4x8_neoni8mm,7,33619968,7798.33,7714.55,7544.57,8132.42,6696.4,exact_int32
samsung,old,2,1,256,2048,cached,dot_int8_int2_int32_1x32x16_1x4x16_neondot,7,131072,5559.254285714286,5560.01,5553.24,5562.31,9938.6,exact_int32
samsung,old,2,1,256,2048,cached,dot_int8_int2_int32_2x32x8_2x4x8_neoni8mm,7,131072,8735.638571428572,8736.41,8732.45,8738.23,8919.11,exact_int32
samsung,old,2,1,256,2048,streaming,dot_int8_int2_int32_1x32x16_1x4x16_neondot,7,33554432,9618.941428571428,9702.34,9371.95,9854.52,9938.6,exact_int32
samsung,old,2,1,256,2048,streaming,dot_int8_int2_int32_2x32x8_2x4x8_neoni8mm,7,33554432,10459.085714285715,10456.5,10371.9,10597.6,8919.11,exact_int32
samsung,old,2,1,256,4096,cached,dot_int8_int2_int32_1x32x16_1x4x16_neondot,7,262144,11084.185714285715,11085.7,11075.2,11089.3,19862.7,exact_int32
samsung,old,2,1,256,4096,cached,dot_int8_int2_int32_2x32x8_2x4x8_neoni8mm,7,262144,17424.14285714286,17424.2,17416.3,17438.9,17809.9,exact_int32
samsung,old,2,1,256,4096,streaming,dot_int8_int2_int32_1x32x16_1x4x16_neondot,7,33554432,21184.600000000002,21187,20626.9,22024.4,19862.7,exact_int32
samsung,old,2,1,256,4096,streaming,dot_int8_int2_int32_2x32x8_2x4x8_neoni8mm,7,33554432,20672.571428571428,20699.7,20431,21122.6,17809.9,exact_int32
samsung,old,2,1,256,6144,cached,dot_int8_int2_int32_1x32x16_1x4x16_neondot,7,393216,16603.442857142858,16602.6,16584.3,16618.1,29786.8,exact_int32
samsung,old,2,1,256,6144,cached,dot_int8_int2_int32_2x32x8_2x4x8_neoni8mm,7,393216,26111.371428571427,26111.6,26102.6,26119.7,26700.8,exact_int32
samsung,old,2,1,256,6144,streaming,dot_int8_int2_int32_1x32x16_1x4x16_neondot,7,33816576,35699.728571428575,35511.3,34870.8,37370.6,29786.8,exact_int32
samsung,old,2,1,256,6144,streaming,dot_int8_int2_int32_2x32x8_2x4x8_neoni8mm,7,33816576,31100.67142857143,31120.2,30768.9,31480.4,26700.8,exact_int32
samsung,old,2,1,256,12288,cached,dot_int8_int2_int32_1x32x16_1x4x16_neondot,7,786432,39905.2,33174.1,33151.3,56756.2,59559.1,exact_int32
samsung,old,2,1,256,12288,cached,dot_int8_int2_int32_2x32x8_2x4x8_neoni8mm,7,786432,67286.6,52183.6,52174.3,89271.1,53373.2,exact_int32
samsung,old,2,1,256,12288,streaming,dot_int8_int2_int32_1x32x16_1x4x16_neondot,7,33816576,101943.57142857143,102304,100379,103265,59559.1,exact_int32
samsung,old,2,1,256,12288,streaming,dot_int8_int2_int32_2x32x8_2x4x8_neoni8mm,7,33816576,101602.71428571429,101734,100497,102589,53373.2,exact_int32
samsung,old,2,1,384,256,cached,dot_int8_int2_int32_1x32x16_1x4x16_neondot,7,24576,1005.1661428571429,989.724,989.441,1097.66,1909.42,exact_int32
samsung,old,2,1,384,256,cached,dot_int8_int2_int32_2x32x8_2x4x8_neoni8mm,7,24576,1560.5214285714285,1560.57,1559.59,1562.02,1733.87,exact_int32
samsung,old,2,1,384,256,streaming,dot_int8_int2_int32_1x32x16_1x4x16_neondot,7,33570816,1250.7142857142858,1264.98,1214.34,1285.71,1909.42,exact_int32
samsung,old,2,1,384,256,streaming,dot_int8_int2_int32_2x32x8_2x4x8_neoni8mm,7,33570816,1758.0757142857142,1767.47,1720.37,1799.31,1733.87,exact_int32
samsung,old,4,1,256,1536,cached,dot_int8_int4_int32_1x32x8_1x4x8_neondot,7,196608,7315.161428571429,7315.17,7312.56,7317,9675.74,exact_int32
samsung,old,4,1,256,1536,cached,dot_int8_int4_int32_2x32x8_2x4x8_neoni8mm,7,196608,9804.605714285713,9803.48,9799.31,9811.43,7540.42,exact_int32
samsung,old,4,1,256,1536,streaming,dot_int8_int4_int32_1x32x8_1x4x8_neondot,7,33619968,16648.571428571428,16787.5,16147,17185.7,9675.74,exact_int32
samsung,old,4,1,256,1536,streaming,dot_int8_int4_int32_2x32x8_2x4x8_neoni8mm,7,33619968,16637.085714285713,16764.3,16042.6,17199.3,7540.42,exact_int32
samsung,old,4,1,256,2048,cached,dot_int8_int4_int32_1x32x8_1x4x8_neondot,7,262144,9726.06,9726.32,9718.82,9731.35,12895.5,exact_int32
samsung,old,4,1,256,2048,cached,dot_int8_int4_int32_2x32x8_2x4x8_neoni8mm,7,262144,13045.714285714286,13046.4,13037.4,13054.8,10044.1,exact_int32
samsung,old,4,1,256,2048,streaming,dot_int8_int4_int32_1x32x8_1x4x8_neondot,7,33554432,24203.32857142857,24237,23421.7,25214.2,12895.5,exact_int32
samsung,old,4,1,256,2048,streaming,dot_int8_int4_int32_2x32x8_2x4x8_neoni8mm,7,33554432,22811.428571428572,22920.3,21904.8,23499.9,10044.1,exact_int32
samsung,old,4,1,256,4096,cached,dot_int8_int4_int32_1x32x8_1x4x8_neondot,7,524288,19384.642857142855,19389.6,19357.4,19395.2,25774.6,exact_int32
samsung,old,4,1,256,4096,cached,dot_int8_int4_int32_2x32x8_2x4x8_neoni8mm,7,524288,26014.2,26015.7,25996.3,26029.8,20058.9,exact_int32
samsung,old,4,1,256,4096,streaming,dot_int8_int4_int32_1x32x8_1x4x8_neondot,7,33554432,61680.771428571425,61957.1,60723.1,62290.7,25774.6,exact_int32
samsung,old,4,1,256,4096,streaming,dot_int8_int4_int32_2x32x8_2x4x8_neoni8mm,7,33554432,75901.58571428571,76138.8,75050.9,76463.3,20058.9,exact_int32
samsung,old,4,1,256,6144,cached,dot_int8_int4_int32_1x32x8_1x4x8_neondot,7,786432,29028.485714285714,29031.9,28992,29044.8,38653.7,exact_int32
samsung,old,4,1,256,6144,cached,dot_int8_int4_int32_2x32x8_2x4x8_neoni8mm,7,786432,38973.857142857145,38975.5,38953,38992.4,30073.7,exact_int32
samsung,old,4,1,256,6144,streaming,dot_int8_int4_int32_1x32x8_1x4x8_neondot,7,33816576,93886.35714285714,93691.2,92855,95040.4,38653.7,exact_int32
samsung,old,4,1,256,6144,streaming,dot_int8_int4_int32_2x32x8_2x4x8_neoni8mm,7,33816576,114833.42857142857,114891,113171,116133,30073.7,exact_int32
samsung,old,4,1,256,12288,cached,dot_int8_int4_int32_1x32x8_1x4x8_neondot,7,1572864,58245.87142857143,58258.5,58166.4,58275.3,77291,exact_int32
samsung,old,4,1,256,12288,cached,dot_int8_int4_int32_2x32x8_2x4x8_neoni8mm,7,1572864,77957.27142857143,77950.9,77895.5,78025.3,60118,exact_int32
samsung,old,4,1,256,12288,streaming,dot_int8_int4_int32_1x32x8_1x4x8_neondot,7,34603008,194749.57142857142,193239,192472,197900,77291,exact_int32
samsung,old,4,1,256,12288,streaming,dot_int8_int4_int32_2x32x8_2x4x8_neoni8mm,7,34603008,240805.42857142858,241561,236810,244509,60118,exact_int32
samsung,old,4,1,384,256,cached,dot_int8_int4_int32_1x32x8_1x4x8_neondot,7,49152,1846.297142857143,1846.52,1844.47,1847.84,2474.29,exact_int32
samsung,old,4,1,384,256,cached,dot_int8_int4_int32_2x32x8_2x4x8_neoni8mm,7,49152,2494.0485714285714,2493.13,2492.84,2499.43,1949.24,exact_int32
samsung,old,4,1,384,256,streaming,dot_int8_int4_int32_1x32x8_1x4x8_neondot,7,33570816,2502.657142857143,2558.24,2412.27,2575.86,2474.29,exact_int32
samsung,old,4,1,384,256,streaming,dot_int8_int4_int32_2x32x8_2x4x8_neoni8mm,7,33570816,3481.7,3538.69,3337.21,3622.29,1949.24,exact_int32
tecno,new,2,1,256,1536,cached,dot_int8_int2_int32_1x32x16_1x4x16_neondot,7,98304,11403.142857142857,11391.5,11360.3,11475.6,15375.2,exact_int32
tecno,new,2,1,256,1536,streaming,dot_int8_int2_int32_1x32x16_1x4x16_neondot,7,33619968,12583.357142857143,12568.5,12502.3,12755.3,15375.2,exact_int32
tecno,new,2,1,256,2048,cached,dot_int8_int2_int32_1x32x16_1x4x16_neondot,7,131072,15090.814285714285,15129.4,14971.8,15166.5,20494,exact_int32
tecno,new,2,1,256,2048,streaming,dot_int8_int2_int32_1x32x16_1x4x16_neondot,7,33554432,17022.114285714284,16830.3,16660,17520.8,20494,exact_int32
tecno,new,2,1,256,4096,cached,dot_int8_int2_int32_1x32x16_1x4x16_neondot,7,262144,30116.571428571428,30078.7,30057.3,30294.9,40969.4,exact_int32
tecno,new,2,1,256,4096,streaming,dot_int8_int2_int32_1x32x16_1x4x16_neondot,7,33554432,33118.5,32988.1,32921.9,33695.2,40969.4,exact_int32
tecno,new,2,1,256,6144,cached,dot_int8_int2_int32_1x32x16_1x4x16_neondot,7,393216,45493.22857142857,45502.5,45358.9,45573.5,61444.8,exact_int32
tecno,new,2,1,256,6144,streaming,dot_int8_int2_int32_1x32x16_1x4x16_neondot,7,33816576,50435.97142857143,50512.7,49839.2,50978.3,61444.8,exact_int32
tecno,new,2,1,256,12288,cached,dot_int8_int2_int32_1x32x16_1x4x16_neondot,7,786432,91837.3,91927.2,91317.5,92366.5,122871,exact_int32
tecno,new,2,1,256,12288,streaming,dot_int8_int2_int32_1x32x16_1x4x16_neondot,7,33816576,102102,102212,101539,102526,122871,exact_int32
tecno,new,2,1,384,256,cached,dot_int8_int2_int32_1x32x16_1x4x16_neondot,7,24576,2846.8314285714287,2835.87,2835.51,2880.74,3922.31,exact_int32
tecno,new,2,1,384,256,streaming,dot_int8_int2_int32_1x32x16_1x4x16_neondot,7,33570816,3543.7442857142855,3533.21,3528.13,3600.43,3922.31,exact_int32
tecno,new,4,1,256,1536,cached,dot_int8_int4_int32_1x32x8_1x4x8_neondot,7,196608,16036.057142857144,16015.5,15898.2,16377,23642.9,exact_int32
tecno,new,4,1,256,1536,cached,dot_int8_int4_int32_2x32x8_2x4x8_neoni8mm,7,196608,18803.214285714286,18807.1,18713.3,18855,24450.5,exact_int32
tecno,new,4,1,256,1536,streaming,dot_int8_int4_int32_1x32x8_1x4x8_neondot,7,33619968,17646.52857142857,17602.7,17329.7,18300.8,23642.9,exact_int32
tecno,new,4,1,256,1536,streaming,dot_int8_int4_int32_2x32x8_2x4x8_neoni8mm,7,33619968,21950.628571428573,21677.4,21390.3,22659.9,24450.5,exact_int32
tecno,new,4,1,256,2048,cached,dot_int8_int4_int32_1x32x8_1x4x8_neondot,7,262144,21321.185714285715,21323.4,21181.9,21494.8,31518.7,exact_int32
tecno,new,4,1,256,2048,cached,dot_int8_int4_int32_2x32x8_2x4x8_neoni8mm,7,262144,25010.314285714285,25040.4,24916.4,25080.7,32579,exact_int32
tecno,new,4,1,256,2048,streaming,dot_int8_int4_int32_1x32x8_1x4x8_neondot,7,33554432,24295.571428571428,24429.8,22670.4,25436.5,31518.7,exact_int32
tecno,new,4,1,256,2048,streaming,dot_int8_int4_int32_2x32x8_2x4x8_neoni8mm,7,33554432,28739.814285714285,28778.7,27909.4,29667.9,32579,exact_int32
tecno,new,4,1,256,4096,cached,dot_int8_int4_int32_1x32x8_1x4x8_neondot,7,524288,43343.4,43252.5,43187,43555.2,63022.1,exact_int32
tecno,new,4,1,256,4096,cached,dot_int8_int4_int32_2x32x8_2x4x8_neoni8mm,7,524288,51259.21428571428,51375.3,50596.3,51580.2,65093.1,exact_int32
tecno,new,4,1,256,4096,streaming,dot_int8_int4_int32_1x32x8_1x4x8_neondot,7,33554432,50051.22857142857,49892.9,46842.6,55866.4,63022.1,exact_int32
tecno,new,4,1,256,4096,streaming,dot_int8_int4_int32_2x32x8_2x4x8_neoni8mm,7,33554432,56074.114285714284,55958.6,53878,58178.6,65093.1,exact_int32
tecno,new,4,1,256,6144,cached,dot_int8_int4_int32_1x32x8_1x4x8_neondot,7,786432,65203.92857142857,65205.5,65034.3,65412.3,94525.5,exact_int32
tecno,new,4,1,256,6144,cached,dot_int8_int4_int32_2x32x8_2x4x8_neoni8mm,7,786432,76044.61428571428,76136.4,75673.1,76401.8,97607.1,exact_int32
tecno,new,4,1,256,6144,streaming,dot_int8_int4_int32_1x32x8_1x4x8_neondot,7,33816576,73873.05714285714,72378,69866.4,80322.5,94525.5,exact_int32
tecno,new,4,1,256,6144,streaming,dot_int8_int4_int32_2x32x8_2x4x8_neoni8mm,7,33816576,86670.15714285715,86202.6,81095.7,95851.4,97607.1,exact_int32
tecno,new,4,1,256,12288,cached,dot_int8_int4_int32_1x32x8_1x4x8_neondot,7,1572864,133335.42857142858,132614,131583,136971,189036,exact_int32
tecno,new,4,1,256,12288,cached,dot_int8_int4_int32_2x32x8_2x4x8_neoni8mm,7,1572864,154318.2857142857,154076,152918,155958,195149,exact_int32
tecno,new,4,1,256,12288,streaming,dot_int8_int4_int32_1x32x8_1x4x8_neondot,7,34603008,153938.57142857142,154964,142154,165995,189036,exact_int32
tecno,new,4,1,256,12288,streaming,dot_int8_int4_int32_2x32x8_2x4x8_neoni8mm,7,34603008,172481.85714285713,174916,162756,178965,195149,exact_int32
tecno,new,4,1,384,256,cached,dot_int8_int4_int32_1x32x8_1x4x8_neondot,7,49152,3996.8757142857144,3995.27,3990.17,4020.55,6014.65,exact_int32
tecno,new,4,1,384,256,cached,dot_int8_int4_int32_2x32x8_2x4x8_neoni8mm,7,49152,4741.728571428572,4740.9,4740.48,4746.91,6282.31,exact_int32
tecno,new,4,1,384,256,streaming,dot_int8_int4_int32_1x32x8_1x4x8_neondot,7,33570816,4779.941428571428,4772.58,4734.52,4839.14,6014.65,exact_int32
tecno,new,4,1,384,256,streaming,dot_int8_int4_int32_2x32x8_2x4x8_neoni8mm,7,33570816,5605.761428571429,5604.1,5566.79,5658.35,6282.31,exact_int32
tecno,old,2,1,256,1536,cached,dot_int8_int2_int32_1x32x16_1x4x16_neondot,7,98304,11381.242857142857,11386.4,11340.7,11398.8,15375.2,exact_int32
tecno,old,2,1,256,1536,cached,dot_int8_int2_int32_2x32x8_2x4x8_neoni8mm,7,98304,25239.22857142857,25246.2,25083.6,25349,27803.4,exact_int32
tecno,old,2,1,256,1536,streaming,dot_int8_int2_int32_1x32x16_1x4x16_neondot,7,33619968,12990.92857142857,12934,12502.2,13832.3,15375.2,exact_int32
tecno,old,2,1,256,1536,streaming,dot_int8_int2_int32_2x32x8_2x4x8_neoni8mm,7,33619968,26130.957142857143,26152.2,26034.5,26238.4,27803.4,exact_int32
tecno,old,2,1,256,2048,cached,dot_int8_int2_int32_1x32x16_1x4x16_neondot,7,131072,15159.642857142857,15161.9,15108.2,15191.9,20494,exact_int32
tecno,old,2,1,256,2048,cached,dot_int8_int2_int32_2x32x8_2x4x8_neoni8mm,7,131072,33654.671428571426,33640,33382,33851.8,37050.2,exact_int32
tecno,old,2,1,256,2048,streaming,dot_int8_int2_int32_1x32x16_1x4x16_neondot,7,33554432,16906.0,16941,16688.1,17084.9,20494,exact_int32
tecno,old,2,1,256,2048,streaming,dot_int8_int2_int32_2x32x8_2x4x8_neoni8mm,7,33554432,34855.71428571428,34923.3,34538.4,34986.1,37050.2,exact_int32
tecno,old,2,1,256,4096,cached,dot_int8_int2_int32_1x32x16_1x4x16_neondot,7,262144,30284.5,30326.1,30113.6,30552.8,40969.4,exact_int32
tecno,old,2,1,256,4096,cached,dot_int8_int2_int32_2x32x8_2x4x8_neoni8mm,7,262144,66971.52857142857,66877.9,66709.2,67306.9,74037,exact_int32
tecno,old,2,1,256,4096,streaming,dot_int8_int2_int32_1x32x16_1x4x16_neondot,7,33554432,34142.05714285714,34310.6,33424.7,34643.6,40969.4,exact_int32
tecno,old,2,1,256,4096,streaming,dot_int8_int2_int32_2x32x8_2x4x8_neoni8mm,7,33554432,70011.0,69750.5,69620,70953.1,74037,exact_int32
tecno,old,2,1,256,6144,cached,dot_int8_int2_int32_1x32x16_1x4x16_neondot,7,393216,45426.41428571429,45497.9,45160.1,45565.1,61444.8,exact_int32
tecno,old,2,1,256,6144,cached,dot_int8_int2_int32_2x32x8_2x4x8_neoni8mm,7,393216,101109.28571428571,100932,100077,102013,111024,exact_int32
tecno,old,2,1,256,6144,streaming,dot_int8_int2_int32_1x32x16_1x4x16_neondot,7,33816576,50943.78571428572,50628.7,50228.6,53378.5,61444.8,exact_int32
tecno,old,2,1,256,6144,streaming,dot_int8_int2_int32_2x32x8_2x4x8_neoni8mm,7,33816576,104023.14285714286,103960,103823,104412,111024,exact_int32
tecno,old,2,1,256,12288,cached,dot_int8_int2_int32_1x32x16_1x4x16_neondot,7,786432,91599.78571428571,91619.8,90897.6,92476.9,122871,exact_int32
tecno,old,2,1,256,12288,cached,dot_int8_int2_int32_2x32x8_2x4x8_neoni8mm,7,786432,204918.2857142857,204581,203241,206675,221985,exact_int32
tecno,old,2,1,256,12288,streaming,dot_int8_int2_int32_1x32x16_1x4x16_neondot,7,33816576,102314.15714285715,102087,99133.1,104584,122871,exact_int32
tecno,old,2,1,256,12288,streaming,dot_int8_int2_int32_2x32x8_2x4x8_neoni8mm,7,33816576,207949.14285714287,207914,207372,208790,221985,exact_int32
tecno,old,2,1,384,256,cached,dot_int8_int2_int32_1x32x16_1x4x16_neondot,7,24576,2844.535714285714,2837.89,2836.08,2859.58,3922.31,exact_int32
tecno,old,2,1,384,256,cached,dot_int8_int2_int32_2x32x8_2x4x8_neoni8mm,7,24576,6426.722857142857,6415.09,6410.17,6469.62,7130.39,exact_int32
tecno,old,2,1,384,256,streaming,dot_int8_int2_int32_1x32x16_1x4x16_neondot,7,33570816,3506.5642857142857,3502.22,3488.72,3525.83,3922.31,exact_int32
tecno,old,2,1,384,256,streaming,dot_int8_int2_int32_2x32x8_2x4x8_neoni8mm,7,33570816,7381.634285714285,7413.41,7091.84,7486.11,7130.39,exact_int32
tecno,old,4,1,256,1536,cached,dot_int8_int4_int32_1x32x8_1x4x8_neondot,7,196608,16001.542857142857,15932.1,15915.1,16250.4,23642.9,exact_int32
tecno,old,4,1,256,1536,cached,dot_int8_int4_int32_2x32x8_2x4x8_neoni8mm,7,196608,18744.22857142857,18694.6,18675.9,18861.2,24450.5,exact_int32
tecno,old,4,1,256,1536,streaming,dot_int8_int4_int32_1x32x8_1x4x8_neondot,7,33619968,18246.3,17719.9,17269,19506.9,23642.9,exact_int32
tecno,old,4,1,256,1536,streaming,dot_int8_int4_int32_2x32x8_2x4x8_neoni8mm,7,33619968,21761.514285714286,21952.8,20452.7,22877.7,24450.5,exact_int32
tecno,old,4,1,256,2048,cached,dot_int8_int4_int32_1x32x8_1x4x8_neondot,7,262144,21232.714285714286,21183.7,21173.8,21436.1,31518.7,exact_int32
tecno,old,4,1,256,2048,cached,dot_int8_int4_int32_2x32x8_2x4x8_neoni8mm,7,262144,24933.52857142857,24924.8,24893.8,24992.1,32579,exact_int32
tecno,old,4,1,256,2048,streaming,dot_int8_int4_int32_1x32x8_1x4x8_neondot,7,33554432,24687.0,24727.7,23996,25577.3,31518.7,exact_int32
tecno,old,4,1,256,2048,streaming,dot_int8_int4_int32_2x32x8_2x4x8_neoni8mm,7,33554432,28132.542857142857,27742.9,27202.8,29957.2,32579,exact_int32
tecno,old,4,1,256,4096,cached,dot_int8_int4_int32_1x32x8_1x4x8_neondot,7,524288,43302.3,43293.3,43054,43664.5,63022.1,exact_int32
tecno,old,4,1,256,4096,cached,dot_int8_int4_int32_2x32x8_2x4x8_neoni8mm,7,524288,50772.385714285716,50877.2,50218.5,51088.8,65093.1,exact_int32
tecno,old,4,1,256,4096,streaming,dot_int8_int4_int32_1x32x8_1x4x8_neondot,7,33554432,49992.52857142857,50169.7,47433.2,53007.6,63022.1,exact_int32
tecno,old,4,1,256,4096,streaming,dot_int8_int4_int32_2x32x8_2x4x8_neoni8mm,7,33554432,57836.97142857143,57360.7,55315.4,61801.9,65093.1,exact_int32
tecno,old,4,1,256,6144,cached,dot_int8_int4_int32_1x32x8_1x4x8_neondot,7,786432,65001.828571428574,64978.8,64782.5,65297.1,94525.5,exact_int32
tecno,old,4,1,256,6144,cached,dot_int8_int4_int32_2x32x8_2x4x8_neoni8mm,7,786432,75871.51428571428,75826.7,75696,76064.6,97607.1,exact_int32
tecno,old,4,1,256,6144,streaming,dot_int8_int4_int32_1x32x8_1x4x8_neondot,7,33816576,74035.78571428571,73403,70955.3,77519.8,94525.5,exact_int32
tecno,old,4,1,256,6144,streaming,dot_int8_int4_int32_2x32x8_2x4x8_neoni8mm,7,33816576,84729.94285714286,84802.5,82255.2,87129,97607.1,exact_int32
tecno,old,4,1,256,12288,cached,dot_int8_int4_int32_1x32x8_1x4x8_neondot,7,1572864,131438.42857142858,131060,129987,133627,189036,exact_int32
tecno,old,4,1,256,12288,cached,dot_int8_int4_int32_2x32x8_2x4x8_neoni8mm,7,1572864,153389,153572,151384,154331,195149,exact_int32
tecno,old,4,1,256,12288,streaming,dot_int8_int4_int32_1x32x8_1x4x8_neondot,7,34603008,152069.57142857142,152712,147713,155986,189036,exact_int32
tecno,old,4,1,256,12288,streaming,dot_int8_int4_int32_2x32x8_2x4x8_neoni8mm,7,34603008,172311.42857142858,171367,161180,180183,195149,exact_int32
tecno,old,4,1,384,256,cached,dot_int8_int4_int32_1x32x8_1x4x8_neondot,7,49152,4006.41,4002.41,3991.74,4028.16,6014.65,exact_int32
tecno,old,4,1,384,256,cached,dot_int8_int4_int32_2x32x8_2x4x8_neoni8mm,7,49152,4753.121428571429,4746.04,4728.99,4783.77,6282.31,exact_int32
tecno,old,4,1,384,256,streaming,dot_int8_int4_int32_1x32x8_1x4x8_neondot,7,33570816,4869.895714285714,4861.3,4774.57,4977.63,6014.65,exact_int32
tecno,old,4,1,384,256,streaming,dot_int8_int4_int32_2x32x8_2x4x8_neoni8mm,7,33570816,5542.0085714285715,5549.25,5383.21,5676.96,6282.31,exact_int32
