device,profile,threads,capacity,prompt,continuation,repetitions,ttft_ms,ttft_min_ms,ttft_max_ms,prefill_tok_s,decode_tok_s,setup_ms,peak_rss_mib,view_copy_bytes,argmax_repeatable
desktop,hf_bf16_int8_published_kv,4,2048,17,8,3,904.330326,887.087491,909.789476,82.43286420240764,1.4189279787381106,59198.579922,3044.08984375,0,True
desktop,hf_bf16_int8_published_kv,4,2048,128,8,3,1223.42778,1222.175772,1233.443373,243.7644969697434,1.4161820396577227,59198.579922,3045.21484375,0,True
desktop,hf_bf16_int8_published_kv,4,2048,1024,8,3,5168.869622,5127.380755,5174.4083,229.52719501713574,1.4042944350010491,59198.579922,3046.52734375,0,True
desktop,hf_bf16_int8_raw_kv,4,2048,17,8,3,911.888245,910.814435,912.248769,82.60703592417876,1.4079056955030185,60681.143524,3043.66796875,0,True
desktop,hf_bf16_int8_raw_kv,4,2048,128,8,3,1241.636338,1233.919521,1242.150443,242.11462317076064,1.400472797025401,60681.143524,3045.16796875,0,True
desktop,hf_bf16_int8_raw_kv,4,2048,1024,8,3,5208.33256,5186.308524,5215.324605,227.89881039656896,1.3924449023515753,60681.143524,3045.16796875,0,True
desktop,hf_bf16,1,2048,17,8,3,2912.106492,2899.034361,2929.6648940000005,22.56710354331819,0.45503589939947187,59506.261421,3019.57421875,0,True
desktop,hf_bf16,1,2048,128,8,3,4103.64751,4080.27757,4112.1561249999995,66.70204000148334,0.45546365913785863,59506.261421,3019.57421875,0,True
desktop,hf_bf16,1,2048,1024,8,3,18122.096554,18115.03217,18218.803924,64.24826408697058,0.4535069743617937,59506.261421,3025.70703125,0,True
desktop,hf_bf16,4,2048,17,8,3,919.6296179999999,916.696865,922.8413869999999,83.04657006661955,1.3688440408036606,60286.6817,3072.3203125,0,True
desktop,hf_bf16,4,2048,128,8,3,1249.529475,1238.743573,1251.670906,244.78410039454047,1.3744405271541706,60286.6817,3076.91796875,0,True
desktop,hf_bf16,4,2048,1024,8,3,5207.615247,5189.9044969999995,5229.218164,228.4939245553846,1.3702420050399382,60286.6817,3083.72265625,0,True
desktop,hf_bf16,4,8448,17,8,3,923.655313,910.146837,924.152957,82.83603281899423,1.3695982438573044,61832.881547,3184.7109375,0,True
desktop,hf_bf16,4,8448,128,8,3,1250.880696,1241.544539,1255.135189,241.47791496324044,1.3751584841145692,61832.881547,3195.59765625,0,True
desktop,hf_bf16,4,8448,1024,8,3,5215.213328,5212.177723,5237.754408,227.91365665829025,1.375145025093417,61832.881547,3197.89453125,0,True
desktop,published_static_qat_e2b,4,2048,17,8,3,48.159182,48.034239,48.217341000000005,683.4327236729008,40.747872599412936,11942.024486,1689.74609375,0,True
desktop,published_static_qat_e2b,4,2048,128,8,3,212.860358,211.301054,212.97131399999998,680.0915488905632,39.530065396662515,11942.024486,1689.74609375,0,True
desktop,published_static_qat_e2b,4,2048,1024,8,3,1750.897911,1746.629222,1755.980909,593.897858342727,36.19365303666626,11942.024486,1689.74609375,0,True
tecno_lj9,hf_bf16_int8_published_kv,4,2048,17,2,3,2145.5682309999997,2143.280923,2200.143693,39.47058557480251,0.5569759514496228,217502.98409,3026.1796875,0,True
tecno_lj9,hf_bf16_int8_published_kv,4,2048,128,2,3,3020.9873079999998,3002.129,3038.532385,103.55528305349748,0.557854141012332,217502.98409,3027.3828125,0,True
tecno_lj9,hf_bf16_int8_published_kv,4,2048,1024,2,3,12978.692000000001,12878.072001,12987.804924,91.82002091126927,0.5507845142878932,217502.98409,3027.3828125,0,True
tecno_lj9,hf_bf16_int8_raw_kv,4,2048,17,2,3,2059.266692,2027.465538,2068.044308,41.36209355167159,0.6003705487026593,218750.291397,3026.2421875,0,True
tecno_lj9,hf_bf16_int8_raw_kv,4,2048,128,2,3,3025.107,3022.638462,3035.016385,102.10509035698317,0.5559775876405346,218750.291397,3027.51953125,0,True
tecno_lj9,hf_bf16_int8_raw_kv,4,2048,1024,2,3,12787.968155999999,12383.668308,12919.855078,93.58031244543493,0.5506224957318944,218750.291397,3030.85546875,0,True
tecno_lj9,hf_bf16,4,2048,17,2,3,2050.132308,2025.704385,2087.509,42.06299582446424,0.59980353663083,209650.58732,3044.875,0,True
tecno_lj9,hf_bf16,4,2048,128,2,3,2835.380077,2827.507384,2843.0147690000003,109.34098511993427,0.6008035190121926,209650.58732,3046.01171875,0,True
tecno_lj9,hf_bf16,4,2048,1024,2,3,12238.168924,11877.687924,12333.808385,97.95984534242105,0.5612372672213434,209650.58732,3049.2734375,0,True
pixel8,hf_bf16_int8_published_kv,4,2048,17,2,3,3691.4219989999997,3647.551028,3840.701947,18.17490180554927,0.45338402419409846,174258.069137,3016.14453125,0,True
pixel8,hf_bf16_int8_published_kv,4,2048,128,2,3,4914.232506,4472.144289,5224.967207,62.3639077434174,0.3959419269687171,174258.069137,3019.39453125,0,True
pixel8,hf_bf16_int8_published_kv,4,2048,1024,2,3,16992.492969,14881.202928,18602.583464,74.50199154132048,0.3835844340265972,174258.069137,3022.6015625,0,True
pixel8,hf_bf16_int8_raw_kv,4,2048,17,2,3,3878.775473,3842.4698909999997,4049.513429,18.23702709248748,0.3871766084365224,164600.567301,3015.78515625,0,True
pixel8,hf_bf16_int8_raw_kv,4,2048,128,2,3,4666.9708279999995,4577.120364,5159.544315,73.95582175613904,0.5401116581634742,164600.567301,3018.97265625,0,True
pixel8,hf_bf16_int8_raw_kv,4,2048,1024,2,3,15376.243985000001,15324.844002000002,15650.583992,82.41135477121865,0.3923312864654227,164600.567301,3019.1796875,0,True
pixel8,hf_bf16,4,2048,17,2,3,3738.517621,3629.156414,3862.201337,20.668368481181403,0.4623966321981251,156110.713658,3032.3125,0,True
pixel8,hf_bf16,4,2048,128,2,3,4809.051883,3711.1333839999998,4885.624474,71.30757602771084,0.4730019406025628,156110.713658,3032.76953125,0,True
pixel8,hf_bf16,4,2048,1024,2,3,16444.972583,16001.480884,17070.936776,76.88657627699429,0.5080043654501698,156110.713658,3032.76953125,0,True
