device,model,version,job,profile,prompt,continuation,capacity,threads,prefill_rows,repetitions,ttft_ms,ttft_min_ms,ttft_max_ms,prefix_ms,prefill_tok_s,decode_ms,decode_tok_s,decode_min_request_ms,decode_max_request_ms,setup_ms,peak_rss_mib,view_copy_bytes,argmax_repeatable
linux,e2b,before,e2b-before-c2048-t4,published_static_qat_e2b,17,32,2048,4,128,3,42.231435000000005,42.108599,42.2759,17.251037,927.4804755215584,24.771013052083333,40.36976597999476,24.759668375,24.77931103125,12829.121378,1683.98828125,0,True
linux,e2b,before,e2b-before-c2048-t4,published_static_qat_e2b,128,32,2048,4,128,3,130.115147,129.896191,130.763842,104.021032,1220.9069412039673,25.445727520833334,39.299328312828315,25.41764196875,25.48025990625,12829.121378,1683.98828125,0,True
linux,e2b,before,e2b-before-c2048-t4,published_static_qat_e2b,1024,32,2048,4,128,3,991.551807,987.728125,1002.700344,962.88634,1062.430691456273,27.84621328125,35.91152556004234,27.66391315625,28.169131375,12829.121378,1683.98828125,0,True
linux,e2b,fixed,e2b-fixed-c2048-t4,published_static_qat_e2b,17,32,2048,4,128,3,42.685815000000005,42.530136999999996,42.753725,17.523757,913.0462149184104,24.86184095833333,40.222282882266384,24.8233224375,24.92501415625,12996.248802,1683.80078125,0,True
linux,e2b,fixed,e2b-fixed-c2048-t4,published_static_qat_e2b,128,32,2048,4,128,3,130.158739,130.067793,130.531057,104.073055,1220.2966464278386,25.414929802083332,39.34695109478631,25.39720028125,25.4253269375,12996.248802,1683.80078125,0,True
linux,e2b,fixed,e2b-fixed-c2048-t4,published_static_qat_e2b,1024,32,2048,4,128,3,986.502725,985.732031,988.649012,958.123016,1067.7125827441766,27.81843478125,35.94738553277676,27.6986339375,28.02180525,12996.248802,1683.80078125,0,True
linux,e4b,fixed,e4b-fixed-c2048-t4,published_static_qat_e4b,17,16,2048,4,128,3,128.11985299999998,127.784221,128.148079,61.78599,258.95838198918557,66.03227633333333,15.144109146744597,65.9958555,66.0675943125,35227.551973,4546.3203125,0,True
linux,e4b,fixed,e4b-fixed-c2048-t4,published_static_qat_e4b,128,16,2048,4,128,3,433.61389899999995,433.22670300000004,433.64397099999996,365.507949,347.4616635492105,67.73071566666667,14.764350120282945,67.711051625,67.750851375,35227.551973,4546.3203125,0,True
linux,e4b,fixed,e4b-fixed-c2048-t4,published_static_qat_e4b,1024,16,2048,4,128,3,3265.465996,3263.993066,3276.021661,3188.871955,320.80309728209204,76.7139538125,13.035438147851755,76.5276119375,76.948150625,35227.551973,4546.3203125,0,True
linux,e4b,before,e4b-before-c2048-t4,published_static_qat_e4b,17,16,2048,4,128,3,127.43308,127.41337200000001,127.94625199999999,61.537598,260.0036485011976,65.93703422916667,15.165983907078108,65.821347625,66.1476064375,35061.158477,4546.25390625,0,True
linux,e4b,before,e4b-before-c2048-t4,published_static_qat_e4b,128,16,2048,4,128,3,434.87041899999997,434.82289599999996,435.095894,366.890837,346.1520081516781,67.79042960416666,14.751344781838293,67.7351486875,67.89096075,35061.158477,4546.25390625,0,True
linux,e4b,before,e4b-before-c2048-t4,published_static_qat_e4b,1024,16,2048,4,128,3,3283.712965,3274.174202,3283.836457,3206.432569,319.04616048702565,77.28166410416667,12.939679956323362,77.1071143125,77.487255125,35061.158477,4546.25390625,0,True
tecno,e2b,before,e2b-before-c2048-t4,published_static_qat_e2b,17,32,2048,4,128,3,93.491616,91.47853900000001,104.354153,40.300308,397.0192982147928,55.520056125,18.011509169741494,54.696716375,56.05196640625,42445.907387,1677.5703125,0,True
tecno,e2b,before,e2b-before-c2048-t4,published_static_qat_e2b,128,32,2048,4,128,3,471.24330699999996,462.561308,495.381845,414.955,306.0572833198781,59.73288708333333,16.741196497080416,58.26800978125,60.92851209375,42445.907387,1677.5703125,0,True
tecno,e2b,before,e2b-before-c2048-t4,published_static_qat_e2b,1024,32,2048,4,128,3,4099.319232,3979.772769,4207.298769,4027.601924,253.9972964815775,73.77788620833333,13.554196946985023,71.23434865625,75.17627640625,42445.907387,1677.5703125,0,True
tecno,e2b,fixed,e2b-fixed-c2048-t4,published_static_qat_e2b,17,32,2048,4,128,3,76.899001,74.816,82.038077,38.209846,418.7402377910657,38.695058458333335,25.84309314526028,37.77045671875,40.0956418125,40348.783771,1677.3359375,0,True
tecno,e2b,fixed,e2b-fixed-c2048-t4,published_static_qat_e2b,128,32,2048,4,128,3,463.602538,460.883001,472.311,422.536615,300.56566813742285,44.13326120833333,22.65864730184902,42.20192540625,45.2280938125,40348.783771,1677.3359375,0,True
tecno,e2b,fixed,e2b-fixed-c2048-t4,published_static_qat_e2b,1024,32,2048,4,128,3,4198.449231,4135.215232,4211.512693000001,4143.423693,246.89727042114495,55.91442395833333,17.884472899965605,54.7451515,56.7952069375,40348.783771,1677.3359375,0,True
pixel,e2b,fixed,e2b-fixed-c2048-t4,published_static_qat_e2b,17,32,2048,4,128,3,103.643107,102.697551,124.70625799999999,55.403157,288.79220727439775,49.22627558333333,20.31435423764971,48.27807740625,49.97890603125,28590.218113,1677.61328125,0,True
pixel,e2b,fixed,e2b-fixed-c2048-t4,published_static_qat_e2b,128,32,2048,4,128,3,550.261231,527.900798,565.617757,498.034424,255.0024534047068,57.655234125,17.344479042994433,56.8079821875,58.53950003125,28590.218113,1677.61328125,0,True
pixel,e2b,fixed,e2b-fixed-c2048-t4,published_static_qat_e2b,1024,32,2048,4,128,3,5505.631961,5456.24569,5553.718264,5428.288781,188.45718075661088,78.23756409375,12.781584032980968,74.568302125,84.452296,28590.218113,1677.61328125,0,True
pixel,e2b,before,e2b-before-c2048-t4,published_static_qat_e2b,17,32,2048,4,128,3,122.171021,121.860271,123.424031,57.259399,279.4301071864202,65.97026397916666,15.158344679593808,65.1128336875,67.524575375,29799.777318,1677.62890625,0,True
pixel,e2b,before,e2b-before-c2048-t4,published_static_qat_e2b,128,32,2048,4,128,3,513.964437,495.287231,530.80363,448.073405,283.43570179087067,70.51282979166666,14.18181631562008,70.26269921875,70.91372571875,29799.777318,1677.62890625,0,True
pixel,e2b,before,e2b-before-c2048-t4,published_static_qat_e2b,1024,32,2048,4,128,3,5498.895429,5479.283084000001,5633.5788600000005,5402.367597,189.36142008701594,99.85783558333334,10.014236681161393,90.329427125,107.92551934375,29799.777318,1677.62890625,0,True
