bits,m,n,k,mode,trials_per_kernel,working_set_bytes_per_kernel,dotprod_kernel,i8mm_kernel,median_dotprod_ns,median_i8mm_ns,dotprod_over_i8mm,min_dotprod_ns,max_dotprod_ns,predicted_dotprod_ns,min_i8mm_ns,max_i8mm_ns,predicted_i8mm_ns
2,1,256,1536,cached,7,98304,dot_int8_int2_int32_1x32x16_1x4x16_neondot,dot_int8_int2_int32_2x32x8_2x4x8_neoni8mm,3816.97,5987.39,0.6375014822819292,3814.99,3818.59,7457.58,5982.31,5996.78,6696.4
2,1,256,1536,streaming,7,33619968,dot_int8_int2_int32_1x32x16_1x4x16_neondot,dot_int8_int2_int32_2x32x8_2x4x8_neoni8mm,6659.3,7464.5,0.8921294125527497,6335.64,8682.58,7457.58,7390.11,9394.93,6696.4
2,1,256,2048,cached,7,131072,dot_int8_int2_int32_1x32x16_1x4x16_neondot,dot_int8_int2_int32_2x32x8_2x4x8_neoni8mm,5204.96,8178.59,0.6364128780144255,5173.66,5209.16,9938.6,8169.96,8189.22,8919.11
2,1,256,2048,streaming,7,33554432,dot_int8_int2_int32_1x32x16_1x4x16_neondot,dot_int8_int2_int32_2x32x8_2x4x8_neoni8mm,8682.59,9808.47,0.8852134940515698,8441.51,11010.5,9938.6,9762.47,9908.26,8919.11
2,1,256,4096,cached,7,262144,dot_int8_int2_int32_1x32x16_1x4x16_neondot,dot_int8_int2_int32_2x32x8_2x4x8_neoni8mm,10494.2,16512.4,0.635534507400499,10465.5,10511.6,19862.7,16458.2,16560.6,17809.9
2,1,256,4096,streaming,7,33554432,dot_int8_int2_int32_1x32x16_1x4x16_neondot,dot_int8_int2_int32_2x32x8_2x4x8_neoni8mm,20171.4,19492.5,1.0348287803001155,19521.8,24941.6,19862.7,19161.4,22127.7,17809.9
2,1,256,6144,cached,7,393216,dot_int8_int2_int32_1x32x16_1x4x16_neondot,dot_int8_int2_int32_2x32x8_2x4x8_neoni8mm,15839.3,24948,0.6348925765592432,15801.7,15875.6,29786.8,24871.7,38687.5,26700.8
2,1,256,6144,streaming,7,33816576,dot_int8_int2_int32_1x32x16_1x4x16_neondot,dot_int8_int2_int32_2x32x8_2x4x8_neoni8mm,50012,49918.5,1.0018730530765148,48695.1,61748.7,29786.8,49673,53980.1,26700.8
2,1,256,12288,cached,7,786432,dot_int8_int2_int32_1x32x16_1x4x16_neondot,dot_int8_int2_int32_2x32x8_2x4x8_neoni8mm,56756.8,89297,0.635595820688265,56689.9,56798.5,59559.1,89258.5,89330.9,53373.2
2,1,256,12288,streaming,7,33816576,dot_int8_int2_int32_1x32x16_1x4x16_neondot,dot_int8_int2_int32_2x32x8_2x4x8_neoni8mm,103748,101293,1.0242366204969742,102158,130915,59559.1,99932.5,127867,53373.2
2,1,384,256,cached,7,24576,dot_int8_int2_int32_1x32x16_1x4x16_neondot,dot_int8_int2_int32_2x32x8_2x4x8_neoni8mm,921.415,1431.64,0.6436080299516638,904.904,931.991,1909.42,1430.01,1469.81,1733.87
2,1,384,256,streaming,7,33570816,dot_int8_int2_int32_1x32x16_1x4x16_neondot,dot_int8_int2_int32_2x32x8_2x4x8_neoni8mm,1197.8,1706.17,0.7020402421798531,1151.94,1342.04,1909.42,1645.29,2088.31,1733.87
4,1,256,1536,cached,7,196608,dot_int8_int4_int32_1x32x8_1x4x8_neondot,dot_int8_int4_int32_2x32x8_2x4x8_neoni8mm,7316.86,9805.76,0.7461797963645856,7312.91,7318.68,9675.74,9800.65,9811.42,7540.42
4,1,256,1536,streaming,7,33619968,dot_int8_int4_int32_1x32x8_1x4x8_neondot,dot_int8_int4_int32_2x32x8_2x4x8_neoni8mm,16752.9,16681.8,1.0042621299859729,16195,21654.3,9675.74,15988.9,20302.5,7540.42
4,1,256,2048,cached,7,262144,dot_int8_int4_int32_1x32x8_1x4x8_neondot,dot_int8_int4_int32_2x32x8_2x4x8_neoni8mm,8957.96,12018.8,0.7453289845908077,8948.93,8960.21,12895.5,12009.4,12027.3,10044.1
4,1,256,2048,streaming,7,33554432,dot_int8_int4_int32_1x32x8_1x4x8_neondot,dot_int8_int4_int32_2x32x8_2x4x8_neoni8mm,23681.8,22493.4,1.0528332755386023,22763.2,30836.8,12895.5,21380.9,23830.6,10044.1
4,1,256,4096,cached,7,524288,dot_int8_int4_int32_1x32x8_1x4x8_neondot,dot_int8_int4_int32_2x32x8_2x4x8_neoni8mm,17856.5,23967.3,0.7450359448081344,17833.4,17861.2,25774.6,23955.7,23975.4,20058.9
4,1,256,4096,streaming,7,33554432,dot_int8_int4_int32_1x32x8_1x4x8_neondot,dot_int8_int4_int32_2x32x8_2x4x8_neoni8mm,60755.4,75091.1,0.8090892262864706,59504.2,76766.7,25774.6,73793.2,93294.4,20058.9
4,1,256,6144,cached,7,786432,dot_int8_int4_int32_1x32x8_1x4x8_neondot,dot_int8_int4_int32_2x32x8_2x4x8_neoni8mm,26745,35874.3,0.7455197732081182,26702.9,26759.4,38653.7,35853.1,35905.7,30073.7
4,1,256,6144,streaming,7,33816576,dot_int8_int4_int32_1x32x8_1x4x8_neondot,dot_int8_int4_int32_2x32x8_2x4x8_neoni8mm,92868.7,114260,0.812784001400315,91148.5,116442,38653.7,112851,140678,30073.7
4,1,256,12288,cached,7,1572864,dot_int8_int4_int32_1x32x8_1x4x8_neondot,dot_int8_int4_int32_2x32x8_2x4x8_neoni8mm,53367.3,71768.4,0.7436044275753675,42353.5,53409.5,77291,56966.1,71841.6,60118
4,1,256,12288,streaming,7,34603008,dot_int8_int4_int32_1x32x8_1x4x8_neondot,dot_int8_int4_int32_2x32x8_2x4x8_neoni8mm,173979,218589,0.7959183673469388,171148,219394,77291,215683,276391,60118
4,1,384,256,cached,7,49152,dot_int8_int4_int32_1x32x8_1x4x8_neondot,dot_int8_int4_int32_2x32x8_2x4x8_neoni8mm,1845.87,2492.62,0.740534056534891,1844.63,1847.07,2474.29,2491.64,2493.64,1949.24
4,1,384,256,streaming,7,33570816,dot_int8_int4_int32_1x32x8_1x4x8_neondot,dot_int8_int4_int32_2x32x8_2x4x8_neoni8mm,2497.06,3421.83,0.729744025857509,2349.29,3226.07,2474.29,3213.24,4385.97,1949.24
